order_id,customer_id,order_date,num_items,order_total,shipping_city,status
ORD00001,CUST0080,2024-10-16T00:24:09,2,7282.76,Mumbai,delivered
ORD00008,CUST0025,2025-07-25T01:27:09,2,6713.7,Kolkata,delivered
ORD00018,CUST0098,2025-06-20T23:21:09,1,3126.71,Lucknow,delivered
ORD00019,CUST0019,2024-11-16T10:00:09,2,3825.07,Lucknow,delivered
ORD00020,CUST0023,2025-01-23T17:52:09,2,5462.33,Mumbai,delivered
ORD00021,CUST0029,2025-07-21T18:30:09,2,5861.97,Pune,delivered
ORD00022,CUST0014,2025-05-20T15:42:09,1,4418.43,Delhi,delivered
ORD00002,CUST0089,2025-02-10T16:46:09,1,3805.48,Delhi,delivered
ORD00023,CUST0082,2025-07-07T10:29:09,1,3451.43,Lucknow,delivered
ORD00025,CUST0086,2025-01-19T03:53:09,2,6961.35,Hyderabad,processing
ORD00006,CUST0059,2025-02-11T23:08:09,3,17351.65,Chennai,delivered
ORD00017,CUST0083,2025-08-04T11:45:09,1,2279.07,Lucknow,delivered
ORD00024,CUST0090,2024-11-08T13:25:09,3,6963.35,Hyderabad,delivered
ORD00026,CUST0072,2024-10-11T11:19:09,2,10478.27,Kolkata,returned
ORD00027,CUST0077,2025-02-17T03:50:09,2,7234.16,Mumbai,processing
ORD00029,CUST0035,2025-09-05T02:42:09,1,2835.14,Pune,delivered
ORD00030,CUST0095,2025-07-31T16:49:09,2,5813.97,Lucknow,delivered
ORD00028,CUST0074,2025-01-04T06:38:09,2,10775.72,Chennai,delivered
ORD00031,CUST0007,2024-11-28T22:32:09,2,4152.49,Chennai,delivered
ORD00004,CUST0064,2025-07-05T20:58:09,1,2080.62,Ahmedabad,cancelled
ORD00032,CUST0066,2024-11-08T04:11:09,1,3734.14,Chennai,delivered
ORD00005,CUST0087,2025-06-16T21:48:09,1,288.67,Pune,delivered
ORD00009,CUST0057,2024-09-28T11:07:09,2,4984.89,Jaipur,processing
ORD00007,CUST0088,2024-10-06T12:31:09,1,541.52,Hyderabad,delivered
ORD00015,CUST0096,2024-11-29T06:25:09,1,900.09,Chennai,delivered
ORD00003,CUST0053,2025-06-27T14:34:09,1,4943.03,Lucknow,delivered
ORD00013,CUST0060,2025-09-04T02:25:09,1,4294.93,Ahmedabad,delivered
ORD00014,CUST0031,2025-06-12T21:08:09,1,4803.82,Jaipur,delivered
ORD00010,CUST0047,2025-06-09T09:42:09,1,3579.17,Ahmedabad,returned
ORD00012,CUST0087,2025-01-23T11:08:09,3,9163.79,Mumbai,delivered
ORD00011,CUST0038,2025-03-02T20:13:09,4,12216.66,Hyderabad,delivered
ORD00033,CUST0051,2025-07-13T17:44:09,1,5263.68,Chennai,delivered
ORD00035,CUST0046,2024-10-17T05:39:09,2,3552.32,Pune,delivered
ORD00016,CUST0048,2024-12-31T07:12:09,4,20917.38,Mumbai,delivered
ORD00034,CUST0001,2025-05-23T16:11:09,1,1596.34,Jaipur,processing
ORD00037,CUST0040,2025-03-03T00:05:09,2,4983.29,Hyderabad,delivered
ORD00036,CUST0052,2024-09-21T02:54:09,3,8422.22,Mumbai,delivered
ORD00038,CUST0083,2024-11-24T23:50:09,1,1601.17,Mumbai,delivered
ORD00040,CUST0081,2025-02-18T21:12:09,1,651.16,Lucknow,delivered
ORD00039,CUST0099,2025-07-29T08:13:09,2,3679.55,Hyderabad,processing
ORD00041,CUST0065,2024-10-18T02:13:09,1,3736.96,Mumbai,delivered
ORD00042,CUST0065,2025-03-26T07:21:09,2,7315.74,Ahmedabad,delivered
ORD00044,CUST0048,2025-02-02T05:10:09,2,5494.84,Jaipur,delivered
ORD00047,CUST0086,2025-04-15T09:07:09,1,3900.89,Ahmedabad,delivered
ORD00045,CUST0037,2025-01-18T16:38:09,2,9700.18,Chennai,returned
ORD00043,CUST0008,2025-04-28T20:35:09,3,15110.63,Lucknow,delivered
ORD00046,CUST0090,2025-08-16T04:52:09,2,8170.14,Jaipur,delivered
ORD00050,CUST0097,2025-04-28T00:18:09,1,4281.04,Lucknow,returned
ORD00048,CUST0018,2024-11-28T19:02:09,3,12395.76,Lucknow,delivered
ORD00051,CUST0060,2025-02-02T05:16:09,2,13821.78,Ahmedabad,processing
ORD00049,CUST0021,2024-12-12T15:33:09,2,4481.59,Ahmedabad,delivered
ORD00053,CUST0029,2025-04-29T04:43:09,1,3214.37,Pune,returned
ORD00052,CUST0071,2024-11-02T15:38:09,2,7735.39,Pune,delivered
ORD00054,CUST0048,2025-01-02T17:04:09,4,14687.04,Mumbai,delivered
ORD00055,CUST0028,2024-11-26T10:30:09,2,6008.19,Lucknow,delivered
ORD00061,CUST0070,2025-05-11T00:46:09,2,5844.78,Mumbai,processing
ORD00056,CUST0015,2025-05-24T12:18:09,1,4122.39,Chennai,delivered
ORD00072,CUST0064,2024-09-24T04:19:09,2,10268.68,Pune,returned
ORD00063,CUST0078,2024-12-12T10:02:09,1,4558.45,Ahmedabad,delivered
ORD00058,CUST0068,2025-06-16T09:34:09,5,12411.5,Hyderabad,delivered
ORD00073,CUST0093,2025-05-14T09:10:09,2,8996.91,Jaipur,delivered
ORD00074,CUST0100,2025-06-20T13:21:09,1,2281.24,Kolkata,processing
ORD00075,CUST0067,2024-11-28T01:54:09,1,4168.65,Jaipur,processing
ORD00065,CUST0036,2025-08-03T17:48:09,2,6578.07,Lucknow,delivered
ORD00079,CUST0088,2025-04-06T02:13:09,1,3962.33,Ahmedabad,delivered
ORD00078,CUST0054,2025-07-24T12:45:09,1,3235.05,Chennai,delivered
ORD00077,CUST0073,2024-10-01T16:49:09,1,3818.01,Bengaluru,processing
ORD00083,CUST0066,2025-05-08T08:40:09,1,3264.85,Ahmedabad,returned
ORD00081,CUST0031,2025-05-06T20:01:09,1,1851.79,Pune,processing
ORD00082,CUST0054,2025-01-15T22:36:09,1,4300.17,Delhi,delivered
ORD00080,CUST0078,2024-11-23T03:39:09,2,7083.26,Jaipur,delivered
ORD00076,CUST0011,2025-01-16T23:24:09,4,13311.48,Hyderabad,processing
ORD00064,CUST0055,2024-12-05T15:12:09,1,2494.0,Lucknow,returned
ORD00084,CUST0028,2025-07-06T03:47:09,1,450.48,Ahmedabad,delivered
ORD00071,CUST0090,2025-08-02T22:34:09,1,974.83,Delhi,delivered
ORD00085,CUST0002,2024-11-05T05:52:09,3,6098.83,Pune,delivered
ORD00087,CUST0067,2025-05-01T21:22:09,3,11038.83,Jaipur,delivered
ORD00089,CUST0084,2025-07-04T10:58:09,2,6948.78,Delhi,processing
ORD00090,CUST0032,2024-09-27T11:28:09,1,3257.52,Pune,delivered
ORD00091,CUST0053,2025-05-25T12:42:09,1,2604.84,Jaipur,delivered
ORD00092,CUST0042,2025-08-16T08:17:09,1,4632.22,Jaipur,delivered
ORD00062,CUST0056,2025-04-03T16:12:09,3,8302.57,Pune,delivered
ORD00086,CUST0098,2025-06-19T01:36:09,5,8702.99,Hyderabad,processing
ORD00094,CUST0091,2024-12-26T15:29:09,1,3113.21,Chennai,delivered
ORD00088,CUST0091,2025-06-26T02:14:09,3,2706.08,Lucknow,delivered
ORD00100,CUST0082,2025-04-06T06:16:09,1,1329.23,Delhi,delivered
ORD00069,CUST0100,2025-01-22T15:12:09,1,4692.09,Ahmedabad,delivered
ORD00066,CUST0057,2024-09-27T20:48:09,1,1551.0,Lucknow,delivered
ORD00099,CUST0070,2025-06-06T08:40:09,4,8485.92,Bengaluru,delivered
ORD00095,CUST0074,2025-08-23T10:08:09,3,8704.42,Chennai,delivered
ORD00057,CUST0079,2025-03-10T00:20:09,1,4201.52,Hyderabad,delivered
ORD00096,CUST0028,2024-12-23T10:01:09,4,12772.13,Ahmedabad,delivered
ORD00060,CUST0059,2024-09-29T01:56:09,1,2749.45,Chennai,delivered
ORD00093,CUST0099,2025-08-25T13:35:09,2,5097.29,Chennai,processing
ORD00059,CUST0046,2025-06-17T03:36:09,2,7831.56,Mumbai,delivered
ORD00097,CUST0099,2024-11-19T17:19:09,5,11566.85,Kolkata,cancelled
ORD00101,CUST0032,2024-09-14T01:08:09,1,121.68,Lucknow,delivered
ORD00098,CUST0023,2025-04-11T22:43:09,4,12000.3,Ahmedabad,returned
ORD00068,CUST0084,2025-01-30T23:51:09,1,3158.57,Jaipur,delivered
ORD00110,CUST0097,2024-09-22T02:13:09,2,4208.38,Chennai,delivered
ORD00115,CUST0054,2025-06-23T08:52:09,1,2072.52,Ahmedabad,processing
ORD00070,CUST0018,2024-10-18T06:55:09,3,6174.52,Delhi,delivered
ORD00117,CUST0025,2025-07-08T16:26:09,2,11493.12,Bengaluru,returned
ORD00103,CUST0082,2025-02-09T04:23:09,1,1960.1,Lucknow,delivered
ORD00108,CUST0053,2024-12-11T21:33:09,2,5312.67,Pune,delivered
ORD00113,CUST0100,2024-10-08T21:16:09,5,17047.82,Delhi,delivered
ORD00111,CUST0093,2024-11-06T18:35:09,2,6583.86,Lucknow,delivered
ORD00107,CUST0040,2024-09-22T05:00:09,3,14276.62,Ahmedabad,delivered
ORD00118,CUST0016,2025-05-14T00:28:09,2,4906.03,Jaipur,delivered
ORD00106,CUST0066,2025-04-26T18:13:09,1,616.74,Ahmedabad,delivered
ORD00120,CUST0095,2024-11-23T17:00:09,2,8559.78,Lucknow,processing
ORD00119,CUST0040,2025-01-22T04:16:09,3,4753.95,Lucknow,processing
ORD00121,CUST0064,2025-06-19T13:27:09,1,3773.81,Ahmedabad,delivered
ORD00123,CUST0086,2024-10-04T17:10:09,1,1101.43,Kolkata,delivered
ORD00125,CUST0093,2025-01-29T10:02:09,1,3099.46,Delhi,delivered
ORD00112,CUST0077,2025-08-21T15:39:09,1,2505.38,Jaipur,delivered
ORD00122,CUST0094,2025-03-09T21:52:09,2,12969.22,Mumbai,cancelled
ORD00126,CUST0013,2025-06-05T20:59:09,1,3161.01,Pune,delivered
ORD00124,CUST0059,2025-03-20T18:23:09,2,10166.95,Kolkata,delivered
ORD00131,CUST0045,2024-10-07T20:11:09,1,5205.85,Lucknow,delivered
ORD00132,CUST0100,2025-02-24T17:24:09,1,777.95,Pune,delivered
ORD00129,CUST0088,2025-02-01T10:20:09,2,506.65,Pune,cancelled
ORD00128,CUST0043,2025-06-26T20:41:09,2,9741.43,Kolkata,cancelled
ORD00067,CUST0020,2025-08-24T07:07:09,1,1600.82,Hyderabad,delivered
ORD00109,CUST0088,2025-08-15T09:52:09,2,1191.53,Bengaluru,processing
ORD00133,CUST0088,2025-07-07T14:08:09,1,1989.31,Mumbai,delivered
ORD00134,CUST0020,2025-03-24T15:34:09,2,4636.39,Hyderabad,processing
ORD00102,CUST0002,2025-01-22T13:07:09,2,6470.43,Chennai,delivered
ORD00130,CUST0039,2024-12-03T10:59:09,2,1943.37,Mumbai,delivered
ORD00104,CUST0090,2025-06-19T08:32:09,2,10324.99,Mumbai,delivered
ORD00116,CUST0012,2025-06-12T16:37:09,1,4348.36,Kolkata,processing
ORD00135,CUST0014,2024-11-16T18:55:09,1,3618.15,Kolkata,delivered
ORD00138,CUST0054,2025-02-11T08:34:09,1,6056.64,Ahmedabad,delivered
ORD00105,CUST0068,2025-09-06T03:48:09,4,12836.75,Ahmedabad,delivered
ORD00127,CUST0052,2025-05-04T10:59:09,5,10625.48,Pune,delivered
ORD00137,CUST0022,2025-08-27T04:54:09,1,2879.34,Delhi,delivered
ORD00136,CUST0071,2024-10-28T12:22:09,2,6085.82,Bengaluru,delivered
ORD00114,CUST0055,2025-06-22T07:47:09,5,17378.84,Kolkata,delivered
ORD00141,CUST0051,2025-02-21T02:31:09,2,6192.34,Pune,delivered
ORD00139,CUST0026,2025-05-02T19:52:09,1,1022.12,Hyderabad,delivered
ORD00145,CUST0069,2025-07-12T13:42:09,1,3374.29,Delhi,delivered
ORD00140,CUST0056,2025-08-10T11:52:09,1,4327.4,Hyderabad,delivered
ORD00142,CUST0073,2024-12-22T11:18:09,1,3562.66,Ahmedabad,cancelled
ORD00148,CUST0020,2025-03-05T17:14:09,1,1241.1,Delhi,delivered
ORD00144,CUST0010,2025-04-28T12:14:09,2,4250.93,Hyderabad,delivered
ORD00143,CUST0027,2025-04-23T02:37:09,2,4604.09,Pune,processing
ORD00147,CUST0072,2025-07-05T15:20:09,1,2522.96,Lucknow,delivered
ORD00146,CUST0006,2025-06-26T13:27:09,2,2253.32,Jaipur,delivered
ORD00149,CUST0044,2025-05-01T23:17:09,1,4499.08,Ahmedabad,delivered
ORD00150,CUST0039,2024-10-03T14:51:09,1,3645.6,Delhi,cancelled
ORD00154,CUST0041,2025-07-13T05:23:09,1,4779.41,Lucknow,delivered
ORD00166,CUST0096,2025-01-31T15:43:09,3,19135.58,Hyderabad,processing
ORD00152,CUST0056,2025-03-31T17:31:09,2,4569.71,Mumbai,delivered
ORD00159,CUST0029,2025-02-06T18:01:09,1,567.53,Ahmedabad,delivered
ORD00167,CUST0069,2025-04-01T23:11:09,3,5450.1,Kolkata,delivered
ORD00156,CUST0054,2025-07-12T21:20:09,1,3255.77,Delhi,delivered
ORD00169,CUST0084,2024-12-03T18:09:09,2,2397.09,Bengaluru,delivered
ORD00170,CUST0017,2025-07-11T00:17:09,2,4519.56,Delhi,delivered
ORD00168,CUST0081,2025-05-03T16:51:09,4,8567.63,Mumbai,delivered
ORD00172,CUST0002,2025-07-20T12:54:09,1,2042.32,Pune,delivered
ORD00173,CUST0057,2024-12-30T19:41:09,1,131.76,Hyderabad,returned
ORD00153,CUST0069,2024-12-15T04:04:09,1,4794.71,Jaipur,returned
ORD00171,CUST0030,2025-03-25T19:30:09,3,9712.97,Mumbai,delivered
ORD00174,CUST0041,2024-11-21T00:01:09,2,2392.64,Kolkata,processing
ORD00175,CUST0085,2025-02-11T23:17:09,2,4401.97,Bengaluru,delivered
ORD00177,CUST0070,2025-08-25T22:32:09,1,4343.68,Kolkata,delivered
ORD00176,CUST0015,2025-01-12T08:24:09,2,11678.26,Lucknow,delivered
ORD00165,CUST0074,2025-07-31T01:24:09,1,848.25,Mumbai,delivered
ORD00178,CUST0006,2024-10-11T05:16:09,1,4588.67,Pune,delivered
ORD00179,CUST0069,2025-06-13T11:53:09,1,4485.7,Delhi,delivered
ORD00182,CUST0093,2025-01-20T22:07:09,1,9143.61,Mumbai,processing
ORD00181,CUST0078,2024-10-09T02:26:09,2,6703.92,Hyderabad,delivered
ORD00157,CUST0063,2025-02-04T20:55:09,1,859.61,Kolkata,delivered
ORD00151,CUST0095,2025-01-13T08:55:09,2,6176.88,Delhi,delivered
ORD00160,CUST0015,2025-06-30T20:01:09,2,2008.14,Pune,delivered
ORD00162,CUST0027,2024-12-24T18:20:09,1,365.38,Chennai,delivered
ORD00155,CUST0087,2025-09-07T02:42:09,2,3792.19,Delhi,delivered
ORD00164,CUST0017,2025-09-04T20:59:09,1,7923.48,Pune,delivered
ORD00161,CUST0084,2025-01-15T02:39:09,5,13071.46,Lucknow,delivered
ORD00163,CUST0035,2025-06-01T14:36:09,1,136.52,Chennai,processing
ORD00184,CUST0073,2024-12-05T03:54:09,1,5068.07,Mumbai,delivered
ORD00188,CUST0048,2025-07-10T08:33:09,2,8363.86,Kolkata,delivered
ORD00191,CUST0051,2024-10-19T11:20:09,1,7301.03,Chennai,processing
ORD00193,CUST0075,2024-11-04T20:50:09,1,1078.62,Hyderabad,returned
ORD00187,CUST0067,2024-10-04T04:48:09,3,3566.54,Lucknow,delivered
ORD00158,CUST0025,2025-03-26T10:16:09,2,2054.25,Kolkata,processing
ORD00180,CUST0051,2025-07-08T13:32:09,3,7455.09,Mumbai,delivered
ORD00183,CUST0004,2025-03-01T06:01:09,2,5513.63,Kolkata,delivered
ORD00204,CUST0064,2025-06-15T01:55:09,1,2303.17,Kolkata,delivered
ORD00203,CUST0029,2025-07-02T05:06:09,4,13615.03,Bengaluru,processing
ORD00199,CUST0080,2025-07-23T00:25:09,1,3079.47,Mumbai,delivered
ORD00201,CUST0073,2025-05-26T03:08:09,1,483.48,Chennai,delivered
ORD00198,CUST0012,2025-02-26T19:46:09,4,7347.82,Delhi,delivered
ORD00189,CUST0045,2025-08-02T15:40:09,1,2540.87,Chennai,delivered
ORD00202,CUST0061,2025-06-09T04:33:09,2,11818.33,Kolkata,processing
ORD00186,CUST0032,2025-04-12T16:04:09,1,4564.03,Kolkata,delivered
ORD00192,CUST0051,2025-09-04T16:04:09,1,4345.39,Delhi,processing
ORD00200,CUST0018,2025-04-12T23:25:09,3,12144.3,Ahmedabad,delivered
ORD00190,CUST0068,2025-01-10T06:15:09,4,17623.47,Delhi,delivered
ORD00206,CUST0010,2025-03-21T15:26:09,1,4058.05,Delhi,delivered
ORD00205,CUST0001,2025-02-27T11:56:09,3,12478.93,Jaipur,processing
ORD00208,CUST0029,2025-08-17T11:36:09,1,3724.84,Delhi,delivered
ORD00211,CUST0094,2025-04-12T22:40:09,1,2102.48,Ahmedabad,processing
ORD00207,CUST0056,2025-08-04T08:25:09,1,11923.02,Lucknow,processing
ORD00210,CUST0034,2024-12-27T00:28:09,1,2102.2,Kolkata,delivered
ORD00209,CUST0090,2025-07-01T05:38:09,5,20529.14,Hyderabad,delivered
ORD00214,CUST0056,2024-11-29T17:50:09,1,959.84,Jaipur,delivered
ORD00213,CUST0014,2024-10-18T02:54:09,3,9689.95,Delhi,delivered
ORD00217,CUST0015,2025-02-15T05:14:09,1,2641.81,Pune,delivered
ORD00215,CUST0037,2025-02-09T23:50:09,1,2374.67,Kolkata,delivered
ORD00212,CUST0074,2025-08-10T13:58:09,1,643.77,Kolkata,delivered
ORD00218,CUST0049,2025-03-18T22:12:09,1,1228.61,Chennai,delivered
ORD00219,CUST0020,2025-09-02T13:50:09,1,197.05,Lucknow,delivered
ORD00216,CUST0055,2024-10-25T02:36:09,2,4993.18,Mumbai,delivered
ORD00223,CUST0073,2024-11-01T02:39:09,2,2576.08,Kolkata,delivered
ORD00224,CUST0052,2024-11-23T12:22:09,2,3800.96,Ahmedabad,cancelled
ORD00221,CUST0097,2025-04-27T21:54:09,5,14150.4,Jaipur,delivered
ORD00226,CUST0096,2025-04-25T03:01:09,2,11971.19,Ahmedabad,processing
ORD00225,CUST0048,2024-09-21T03:36:09,2,7327.08,Bengaluru,delivered
ORD00229,CUST0031,2025-03-20T08:22:09,1,4178.38,Delhi,processing
ORD00227,CUST0048,2024-10-09T09:34:09,1,4057.44,Jaipur,processing
ORD00230,CUST0034,2025-08-28T19:02:09,1,2533.26,Bengaluru,processing
ORD00220,CUST0008,2025-03-28T09:10:09,4,17216.98,Lucknow,delivered
ORD00231,CUST0083,2025-01-04T13:57:09,1,1627.01,Kolkata,delivered
ORD00228,CUST0004,2024-12-07T23:40:09,3,9169.0,Mumbai,delivered
ORD00234,CUST0077,2025-07-19T02:03:09,2,5893.62,Chennai,delivered
ORD00232,CUST0017,2025-08-07T22:22:09,3,6872.21,Hyderabad,delivered
ORD00236,CUST0075,2025-09-08T11:36:09,1,275.96,Ahmedabad,cancelled
ORD00194,CUST0027,2025-04-30T02:13:09,1,845.62,Chennai,processing
ORD00196,CUST0058,2025-06-22T16:19:09,1,3230.57,Mumbai,delivered
ORD00185,CUST0066,2024-09-11T18:38:09,3,12085.89,Pune,delivered
ORD00222,CUST0036,2025-06-04T07:42:09,3,9998.68,Mumbai,cancelled
ORD00233,CUST0028,2025-05-07T02:27:09,2,3014.03,Hyderabad,delivered
ORD00238,CUST0043,2025-08-11T18:58:09,1,8571.5,Hyderabad,delivered
ORD00235,CUST0067,2025-01-11T18:35:09,3,12303.48,Pune,delivered
ORD00239,CUST0075,2025-02-08T07:38:09,1,6705.21,Lucknow,delivered
ORD00240,CUST0025,2025-05-24T20:39:09,2,6323.92,Pune,returned
ORD00237,CUST0086,2025-03-13T09:03:09,3,7660.58,Delhi,cancelled
ORD00243,CUST0052,2025-04-18T08:08:09,1,849.21,Kolkata,processing
ORD00241,CUST0059,2024-11-23T03:39:09,2,4389.34,Ahmedabad,delivered
ORD00195,CUST0090,2025-07-15T17:57:09,3,10698.6,Kolkata,returned
ORD00246,CUST0029,2024-11-16T23:30:09,1,3454.73,Kolkata,delivered
ORD00242,CUST0098,2024-12-06T11:32:09,1,1597.96,Pune,delivered
ORD00248,CUST0015,2025-04-12T07:08:09,1,2698.99,Kolkata,delivered
ORD00247,CUST0082,2025-01-19T10:23:09,1,2573.87,Kolkata,delivered
ORD00249,CUST0085,2024-11-01T14:17:09,1,1623.42,Mumbai,delivered
ORD00251,CUST0038,2024-12-01T18:19:09,1,145.39,Bengaluru,delivered
ORD00250,CUST0080,2024-11-10T01:51:09,2,3356.82,Hyderabad,delivered
ORD00245,CUST0022,2024-10-13T18:03:09,4,12011.91,Pune,delivered
ORD00255,CUST0022,2025-02-26T04:41:09,1,1926.62,Hyderabad,processing
ORD00252,CUST0086,2024-10-25T20:37:09,2,807.34,Chennai,delivered
ORD00244,CUST0097,2025-06-08T22:45:09,2,3065.83,Jaipur,delivered
ORD00254,CUST0041,2025-04-17T15:51:09,1,758.35,Delhi,delivered
ORD00253,CUST0059,2025-02-09T01:13:09,1,9851.84,Hyderabad,processing
ORD00257,CUST0076,2025-05-16T11:27:09,1,4208.82,Kolkata,processing
ORD00258,CUST0094,2024-11-16T08:42:09,1,1411.18,Hyderabad,delivered
ORD00256,CUST0024,2024-11-08T05:09:09,4,27652.33,Mumbai,delivered
ORD00259,CUST0087,2025-06-06T16:20:09,2,5016.17,Lucknow,delivered
ORD00261,CUST0021,2025-05-27T08:38:09,1,3355.31,Bengaluru,delivered
ORD00265,CUST0059,2025-02-27T10:33:09,2,5032.64,Bengaluru,delivered
ORD00260,CUST0085,2025-01-16T08:06:09,2,11816.63,Kolkata,delivered
ORD00262,CUST0036,2024-10-06T08:58:09,2,2687.6,Mumbai,processing
ORD00278,CUST0006,2025-04-18T01:19:09,1,2333.7,Hyderabad,delivered
ORD00197,CUST0100,2025-01-01T20:56:09,3,10045.73,Ahmedabad,processing
ORD00263,CUST0058,2025-02-18T20:15:09,2,7179.46,Lucknow,returned
ORD00277,CUST0070,2025-07-15T23:33:09,2,3111.15,Jaipur,delivered
ORD00279,CUST0020,2024-09-30T21:43:09,1,3380.17,Chennai,delivered
ORD00282,CUST0045,2025-04-27T00:41:09,2,5659.31,Mumbai,delivered
ORD00280,CUST0074,2025-06-19T03:48:09,2,3718.1,Pune,delivered
ORD00283,CUST0070,2025-02-01T17:42:09,2,6910.65,Bengaluru,delivered
ORD00276,CUST0007,2025-03-25T05:10:09,4,14973.18,Hyderabad,processing
ORD00281,CUST0052,2024-10-28T03:58:09,3,26294.06,Kolkata,delivered
ORD00268,CUST0076,2025-05-26T21:15:09,1,2719.7,Lucknow,delivered
ORD00264,CUST0082,2025-02-13T09:19:09,1,2237.53,Kolkata,processing
ORD00273,CUST0069,2025-02-04T06:35:09,1,2069.37,Kolkata,delivered
ORD00270,CUST0065,2025-03-26T06:22:09,4,14752.94,Jaipur,processing
ORD00286,CUST0058,2025-07-30T05:11:09,1,651.76,Lucknow,delivered
ORD00272,CUST0084,2024-12-11T09:18:09,2,4141.77,Pune,delivered
ORD00284,CUST0011,2024-10-29T22:33:09,2,4011.18,Pune,processing
ORD00271,CUST0092,2025-06-21T12:57:09,1,1909.51,Delhi,returned
ORD00288,CUST0069,2024-12-31T21:31:09,1,3607.88,Chennai,delivered
ORD00269,CUST0066,2024-12-10T15:21:09,1,2132.76,Lucknow,processing
ORD00289,CUST0094,2025-08-08T03:44:09,2,5744.8,Mumbai,delivered
ORD00274,CUST0097,2024-12-02T02:27:09,1,3865.21,Jaipur,delivered
ORD00266,CUST0046,2025-08-01T02:19:09,2,5116.83,Pune,delivered
ORD00275,CUST0058,2024-11-02T12:39:09,2,551.74,Chennai,delivered
ORD00285,CUST0027,2025-06-13T15:40:09,5,7966.61,Chennai,delivered
ORD00287,CUST0096,2025-07-06T18:28:09,3,11349.59,Kolkata,delivered
ORD00292,CUST0086,2025-08-11T23:50:09,1,8848.31,Ahmedabad,delivered
ORD00293,CUST0085,2025-02-14T15:21:09,1,2795.8,Pune,delivered
ORD00291,CUST0071,2024-10-18T02:26:09,1,4275.14,Hyderabad,delivered
ORD00267,CUST0079,2024-12-19T22:51:09,4,3300.75,Ahmedabad,delivered
ORD00290,CUST0096,2025-03-05T23:10:09,4,19954.09,Jaipur,delivered
ORD00295,CUST0100,2025-02-14T08:19:09,1,1696.78,Delhi,processing
ORD00296,CUST0026,2025-01-23T16:40:09,2,6971.36,Lucknow,delivered
ORD00294,CUST0041,2025-01-15T00:29:09,2,5714.81,Ahmedabad,delivered
ORD00297,CUST0076,2024-12-27T18:19:09,1,2346.21,Hyderabad,delivered
ORD00298,CUST0099,2025-07-09T16:38:09,1,2801.4,Hyderabad,delivered
ORD00299,CUST0085,2025-01-11T12:27:09,1,3680.55,Lucknow,cancelled
ORD00300,CUST0085,2024-11-24T16:30:09,1,3649.9,Bengaluru,delivered
ORD00301,CUST0048,2025-01-07T18:26:09,1,2458.06,Kolkata,delivered
ORD00303,CUST0029,2025-06-02T05:06:09,3,3766.95,Chennai,delivered
ORD00304,CUST0024,2024-11-30T04:22:09,2,3270.6,Ahmedabad,delivered
ORD00306,CUST0066,2024-10-01T10:53:09,1,855.2,Pune,delivered
ORD00302,CUST0084,2025-02-22T20:29:09,4,16840.27,Chennai,delivered
ORD00311,CUST0016,2024-10-28T08:26:09,1,2071.8,Pune,delivered
ORD00305,CUST0076,2024-12-02T13:37:09,1,3957.39,Delhi,delivered
ORD00309,CUST0009,2025-01-06T05:08:09,1,3549.45,Jaipur,delivered
ORD00313,CUST0098,2025-09-02T10:50:09,1,1905.73,Mumbai,delivered
ORD00314,CUST0070,2025-04-08T00:56:09,1,4422.95,Mumbai,delivered
ORD00312,CUST0048,2024-10-03T15:17:09,1,4688.47,Lucknow,processing
ORD00315,CUST0049,2025-08-11T23:28:09,3,7038.85,Chennai,returned
ORD00308,CUST0053,2025-07-14T21:34:09,2,3945.98,Ahmedabad,delivered
ORD00317,CUST0051,2024-11-20T13:51:09,2,6831.0,Hyderabad,processing
ORD00307,CUST0073,2025-08-02T17:40:09,2,9187.73,Ahmedabad,delivered
ORD00318,CUST0079,2025-09-02T14:29:09,1,1749.63,Mumbai,processing
ORD00319,CUST0061,2025-07-15T05:49:09,1,3865.95,Pune,cancelled
ORD00320,CUST0052,2025-07-22T13:17:09,1,3674.31,Delhi,delivered
ORD00324,CUST0036,2025-01-04T11:56:09,1,2860.58,Pune,delivered
ORD00316,CUST0051,2024-12-24T06:19:09,2,9476.13,Hyderabad,processing
ORD00321,CUST0057,2024-09-15T23:38:09,2,7251.88,Lucknow,delivered
ORD00325,CUST0072,2024-10-18T09:02:09,1,9757.64,Jaipur,processing
ORD00327,CUST0030,2025-02-19T06:06:09,2,2723.28,Hyderabad,delivered
ORD00328,CUST0023,2025-05-12T03:06:09,1,2591.72,Bengaluru,delivered
ORD00310,CUST0020,2025-07-17T19:55:09,1,3555.15,Jaipur,delivered
ORD00330,CUST0098,2025-06-14T18:38:09,1,2262.44,Lucknow,processing
ORD00331,CUST0063,2024-12-13T09:01:09,1,114.74,Pune,delivered
ORD00322,CUST0005,2025-03-14T00:25:09,1,2356.2,Pune,delivered
ORD00323,CUST0051,2025-04-06T10:56:09,2,5405.66,Lucknow,delivered
ORD00333,CUST0059,2025-02-19T14:44:09,1,134.3,Hyderabad,delivered
ORD00329,CUST0026,2025-01-09T15:59:09,3,5247.47,Ahmedabad,delivered
ORD00335,CUST0027,2025-04-13T15:32:09,1,1327.84,Delhi,returned
ORD00332,CUST0070,2024-09-27T09:06:09,1,1717.55,Mumbai,delivered
ORD00336,CUST0088,2025-01-05T20:30:09,1,2519.52,Bengaluru,delivered
ORD00326,CUST0074,2025-01-17T15:12:09,4,13717.68,Bengaluru,delivered
ORD00334,CUST0034,2024-12-15T10:00:09,1,6625.5,Delhi,delivered
ORD00338,CUST0041,2025-05-18T02:00:09,2,5277.58,Ahmedabad,processing
ORD00337,CUST0095,2024-11-26T08:35:09,1,3065.57,Jaipur,delivered
ORD00339,CUST0013,2025-04-29T16:05:09,1,2464.38,Chennai,delivered
ORD00340,CUST0053,2024-11-12T04:39:09,2,3943.23,Chennai,delivered
ORD00341,CUST0087,2025-05-30T08:33:09,2,7956.29,Hyderabad,delivered
ORD00345,CUST0060,2025-06-14T01:19:09,1,2973.68,Ahmedabad,delivered
ORD00349,CUST0025,2025-04-09T10:11:09,1,2525.58,Pune,delivered
ORD00346,CUST0082,2025-06-26T06:17:09,2,2885.95,Chennai,delivered
ORD00343,CUST0058,2025-04-09T21:55:09,3,9212.93,Ahmedabad,delivered
ORD00351,CUST0009,2024-12-12T21:02:09,1,4531.78,Lucknow,delivered
ORD00348,CUST0089,2025-05-20T08:03:09,1,1485.76,Kolkata,delivered
ORD00353,CUST0060,2025-09-01T18:05:09,1,344.35,Pune,delivered
ORD00347,CUST0034,2024-11-29T01:44:09,1,814.55,Ahmedabad,delivered
ORD00344,CUST0004,2025-04-02T09:32:09,5,14531.18,Hyderabad,processing
ORD00350,CUST0011,2025-04-15T12:59:09,2,9095.86,Chennai,delivered
ORD00358,CUST0098,2025-07-27T17:47:09,1,4243.07,Delhi,delivered
ORD00354,CUST0061,2024-12-11T23:41:09,3,6986.63,Bengaluru,delivered
ORD00357,CUST0006,2025-07-05T15:14:09,2,6238.65,Hyderabad,cancelled
ORD00352,CUST0042,2024-09-19T20:47:09,4,9772.62,Ahmedabad,returned
ORD00359,CUST0041,2025-06-23T13:32:09,1,1175.34,Pune,delivered
ORD00361,CUST0036,2025-07-14T09:54:09,1,4265.48,Jaipur,delivered
ORD00342,CUST0079,2025-06-30T05:38:09,4,8850.03,Lucknow,delivered
ORD00356,CUST0031,2025-08-01T06:04:09,1,1731.8,Bengaluru,delivered
ORD00363,CUST0025,2025-06-06T14:15:09,2,7550.17,Mumbai,delivered
ORD00362,CUST0001,2025-08-03T09:08:09,2,5409.5,Jaipur,processing
ORD00364,CUST0017,2024-12-10T17:56:09,1,1694.12,Pune,delivered
ORD00360,CUST0018,2025-01-16T18:15:09,2,1142.89,Hyderabad,delivered
ORD00365,CUST0068,2025-07-27T15:21:09,1,1572.11,Kolkata,cancelled
ORD00368,CUST0093,2025-01-07T10:08:09,1,3301.39,Delhi,delivered
ORD00355,CUST0099,2024-10-29T09:26:09,5,25038.79,Bengaluru,returned
ORD00370,CUST0065,2025-03-02T13:54:09,2,5765.64,Hyderabad,delivered
ORD00369,CUST0072,2025-04-11T15:50:09,2,8397.47,Delhi,delivered
ORD00371,CUST0082,2025-04-19T16:04:09,2,7688.47,Ahmedabad,delivered
ORD00373,CUST0059,2025-03-11T20:52:09,1,4610.53,Chennai,delivered
ORD00374,CUST0052,2025-06-28T23:30:09,1,3137.88,Lucknow,processing
ORD00375,CUST0013,2025-07-12T13:03:09,1,4841.41,Hyderabad,delivered
ORD00372,CUST0051,2024-09-11T15:46:09,5,19082.68,Delhi,delivered
ORD00376,CUST0056,2025-04-11T20:39:09,2,2850.67,Kolkata,delivered
ORD00367,CUST0035,2025-06-07T18:30:09,1,2922.7,Jaipur,delivered
ORD00377,CUST0006,2025-02-21T10:20:09,1,1388.26,Pune,returned
ORD00366,CUST0027,2025-08-12T08:43:09,3,8784.85,Kolkata,processing
ORD00378,CUST0097,2025-07-12T11:16:09,1,1426.68,Delhi,delivered
ORD00382,CUST0057,2024-10-02T23:56:09,2,5440.74,Lucknow,cancelled
ORD00380,CUST0063,2025-04-01T13:20:09,1,9964.35,Bengaluru,delivered
ORD00379,CUST0061,2025-06-30T15:47:09,2,2586.86,Ahmedabad,delivered
ORD00385,CUST0037,2024-12-22T15:23:09,1,1052.38,Pune,delivered
ORD00396,CUST0079,2025-01-07T11:58:09,1,531.55,Ahmedabad,delivered
ORD00388,CUST0072,2025-09-09T16:46:09,1,4133.48,Delhi,delivered
ORD00397,CUST0078,2025-05-09T15:25:09,1,600.33,Bengaluru,delivered
ORD00398,CUST0053,2024-09-18T01:10:09,1,7290.72,Mumbai,delivered
ORD00399,CUST0057,2025-07-23T08:28:09,1,1254.24,Kolkata,delivered
ORD00390,CUST0004,2025-06-22T00:58:09,1,588.89,Pune,delivered
ORD00389,CUST0088,2025-03-10T04:24:09,1,1361.06,Chennai,processing
ORD00392,CUST0043,2025-04-28T09:52:09,1,4907.23,Bengaluru,processing
ORD00401,CUST0067,2025-07-29T17:56:09,1,2105.53,Chennai,delivered
ORD00402,CUST0055,2025-02-08T12:42:09,1,6597.31,Ahmedabad,delivered
ORD00386,CUST0085,2025-08-14T04:39:09,1,6583.32,Bengaluru,returned
ORD00384,CUST0019,2025-09-01T15:26:09,1,9745.6,Chennai,delivered
ORD00387,CUST0066,2025-09-08T20:41:09,1,3265.2,Jaipur,returned
ORD00381,CUST0100,2025-04-19T03:27:09,4,18406.6,Ahmedabad,delivered
ORD00403,CUST0065,2024-11-06T22:33:09,2,6381.22,Lucknow,processing
ORD00383,CUST0037,2024-09-18T03:28:09,3,6995.32,Ahmedabad,delivered
ORD00404,CUST0026,2025-04-30T19:00:09,1,4384.54,Mumbai,delivered
ORD00405,CUST0091,2025-04-29T13:07:09,1,4048.96,Jaipur,delivered
ORD00400,CUST0049,2025-02-18T05:23:09,4,9528.8,Kolkata,delivered
ORD00406,CUST0021,2025-03-23T10:08:09,1,7364.62,Delhi,delivered
ORD00407,CUST0019,2024-12-11T14:47:09,1,4518.83,Chennai,delivered
ORD00393,CUST0040,2025-08-29T15:41:09,2,6778.52,Delhi,delivered
ORD00409,CUST0076,2025-08-14T08:13:09,1,4283.68,Jaipur,delivered
ORD00408,CUST0016,2024-11-16T22:44:09,2,4953.42,Ahmedabad,delivered
ORD00410,CUST0081,2025-06-22T22:47:09,1,3541.53,Kolkata,delivered
ORD00411,CUST0078,2025-02-10T03:42:09,1,2084.04,Chennai,delivered
ORD00412,CUST0089,2025-09-04T12:20:09,2,4745.62,Chennai,delivered
ORD00416,CUST0027,2025-07-23T06:10:09,1,486.81,Kolkata,delivered
ORD00417,CUST0089,2025-02-02T01:34:09,1,3552.62,Kolkata,delivered
ORD00413,CUST0049,2024-10-15T06:37:09,2,4692.69,Bengaluru,delivered
ORD00414,CUST0079,2024-10-09T20:20:09,2,1259.53,Chennai,delivered
ORD00418,CUST0043,2025-03-04T05:30:09,2,9801.81,Ahmedabad,processing
ORD00419,CUST0083,2024-11-19T07:53:09,2,10276.12,Jaipur,delivered
ORD00391,CUST0087,2025-07-21T13:27:09,1,867.61,Chennai,cancelled
ORD00420,CUST0093,2025-08-24T03:19:09,2,2436.36,Kolkata,delivered
ORD00394,CUST0072,2025-06-10T15:51:09,1,1609.25,Pune,returned
ORD00421,CUST0049,2025-07-28T10:37:09,1,1681.63,Chennai,delivered
ORD00422,CUST0041,2025-09-08T18:01:09,1,4442.86,Chennai,delivered
ORD00395,CUST0039,2025-04-25T16:43:09,3,5813.35,Chennai,delivered
ORD00415,CUST0041,2025-01-21T09:20:09,5,13443.87,Mumbai,delivered
ORD00423,CUST0039,2024-12-08T20:07:09,2,7549.49,Jaipur,delivered
ORD00427,CUST0035,2024-11-25T22:01:09,1,1694.42,Jaipur,delivered
ORD00424,CUST0044,2025-05-16T16:39:09,2,11186.93,Delhi,delivered
ORD00425,CUST0005,2025-05-04T05:29:09,3,10819.24,Jaipur,processing
ORD00426,CUST0096,2025-02-16T17:20:09,2,2936.65,Ahmedabad,delivered
ORD00430,CUST0040,2025-02-27T23:29:09,2,2543.78,Ahmedabad,delivered
ORD00431,CUST0040,2025-08-27T13:29:09,2,5369.25,Delhi,delivered
ORD00428,CUST0041,2025-01-26T21:29:09,3,13390.45,Kolkata,delivered
ORD00436,CUST0044,2025-06-16T14:59:09,1,2510.24,Lucknow,processing
ORD00432,CUST0086,2025-02-27T03:13:09,1,2279.71,Ahmedabad,processing
ORD00433,CUST0037,2025-03-08T12:20:09,1,2553.7,Mumbai,delivered
ORD00429,CUST0007,2024-10-25T06:09:09,1,7147.77,Ahmedabad,delivered
ORD00435,CUST0062,2025-03-25T19:05:09,1,3851.16,Pune,delivered
ORD00434,CUST0084,2024-10-17T02:18:09,1,4399.63,Jaipur,delivered
ORD00437,CUST0015,2025-07-11T12:13:09,1,4260.65,Pune,delivered
ORD00438,CUST0014,2025-08-27T12:33:09,3,10094.81,Kolkata,processing
ORD00442,CUST0085,2024-12-08T07:52:09,1,2704.34,Pune,delivered
ORD00441,CUST0031,2025-04-20T15:21:09,1,1403.8,Pune,delivered
ORD00439,CUST0085,2024-11-26T07:18:09,1,3104.23,Hyderabad,delivered
ORD00447,CUST0097,2025-02-01T07:17:09,1,4307.45,Mumbai,delivered
ORD00444,CUST0018,2024-10-23T21:25:09,3,16221.03,Hyderabad,delivered
ORD00443,CUST0086,2024-11-13T20:44:09,1,3566.21,Pune,returned
ORD00445,CUST0055,2025-07-16T17:20:09,1,1961.77,Pune,cancelled
ORD00446,CUST0074,2025-03-16T17:46:09,2,3922.47,Jaipur,returned
ORD00449,CUST0061,2025-07-01T16:05:09,1,3221.15,Lucknow,delivered
ORD00448,CUST0070,2025-07-04T02:23:09,1,3176.37,Ahmedabad,delivered
ORD00440,CUST0087,2025-02-13T06:29:09,5,23995.16,Chennai,processing
ORD00450,CUST0094,2025-06-26T00:47:09,2,8560.89,Chennai,delivered
ORD00452,CUST0095,2024-11-27T14:12:09,1,4786.51,Ahmedabad,delivered
ORD00454,CUST0034,2024-11-08T17:54:09,1,4519.89,Jaipur,delivered
ORD00451,CUST0017,2025-05-26T19:38:09,2,4630.17,Delhi,cancelled
ORD00456,CUST0041,2025-06-09T13:46:09,1,950.82,Pune,delivered
ORD00453,CUST0068,2024-09-27T02:49:09,4,8935.24,Hyderabad,delivered
ORD00455,CUST0088,2025-09-07T05:14:09,1,7474.93,Ahmedabad,delivered
ORD00457,CUST0084,2025-01-28T03:01:09,1,4278.15,Ahmedabad,processing
ORD00459,CUST0002,2025-04-08T20:17:09,1,2596.06,Chennai,delivered
ORD00461,CUST0024,2024-11-06T14:55:09,1,1068.11,Ahmedabad,cancelled
ORD00458,CUST0096,2025-01-12T16:27:09,2,4295.15,Kolkata,processing
ORD00460,CUST0004,2025-07-24T18:47:09,4,12137.62,Lucknow,processing
ORD00462,CUST0036,2025-04-17T15:41:09,2,4628.36,Pune,delivered
ORD00463,CUST0008,2025-01-21T00:55:09,1,2333.68,Pune,delivered
ORD00469,CUST0081,2025-08-29T04:15:09,1,991.92,Kolkata,delivered
ORD00464,CUST0063,2024-11-04T21:18:09,2,3576.8,Mumbai,delivered
ORD00466,CUST0099,2025-05-20T08:11:09,1,3742.98,Jaipur,delivered
ORD00468,CUST0044,2024-10-22T07:32:09,2,2940.59,Pune,processing
ORD00465,CUST0094,2025-01-17T06:45:09,3,11372.74,Kolkata,delivered
ORD00467,CUST0050,2025-08-29T07:51:09,2,7593.09,Mumbai,delivered
ORD00471,CUST0003,2024-09-29T02:47:09,1,1797.13,Jaipur,delivered
ORD00473,CUST0090,2025-08-08T20:44:09,1,5314.72,Mumbai,delivered
ORD00472,CUST0087,2025-06-11T21:31:09,2,3183.38,Lucknow,delivered
ORD00470,CUST0093,2025-07-11T00:15:09,1,2223.67,Ahmedabad,returned
ORD00474,CUST0022,2025-07-09T19:36:09,3,12100.35,Pune,delivered
ORD00476,CUST0036,2024-11-22T05:54:09,2,2456.22,Lucknow,delivered
ORD00477,CUST0021,2024-09-19T07:49:09,1,382.13,Lucknow,processing
ORD00478,CUST0054,2025-09-01T08:28:09,1,1941.81,Pune,delivered
ORD00475,CUST0088,2025-07-02T09:52:09,1,5092.62,Hyderabad,delivered
ORD00481,CUST0047,2025-02-02T23:11:09,1,6952.5,Kolkata,delivered
ORD00479,CUST0023,2025-07-20T14:46:09,2,11387.95,Pune,delivered
ORD00484,CUST0075,2025-05-16T18:40:09,1,6477.58,Pune,delivered
ORD00486,CUST0074,2025-06-20T23:49:09,1,2368.02,Lucknow,delivered
ORD00483,CUST0096,2025-08-23T02:58:09,2,6196.46,Bengaluru,delivered
ORD00482,CUST0007,2025-06-12T21:54:09,2,5271.79,Hyderabad,delivered
ORD00487,CUST0060,2025-01-30T17:30:09,1,577.4,Bengaluru,processing
ORD00488,CUST0076,2024-11-26T11:41:09,1,1006.51,Jaipur,delivered
ORD00492,CUST0089,2025-02-28T08:46:09,1,137.21,Jaipur,delivered
ORD00489,CUST0068,2025-03-31T08:35:09,2,7817.31,Pune,cancelled
ORD00496,CUST0009,2025-03-20T04:12:09,1,6472.72,Jaipur,delivered
ORD00495,CUST0090,2024-12-27T16:32:09,1,4940.44,Pune,delivered
ORD00485,CUST0059,2024-12-19T13:06:09,5,10987.05,Lucknow,cancelled
ORD00490,CUST0017,2025-03-13T01:59:09,2,4963.17,Lucknow,delivered
ORD00497,CUST0069,2025-02-07T07:23:09,1,2109.76,Mumbai,delivered
ORD00493,CUST0027,2025-08-26T19:23:09,3,7347.1,Hyderabad,delivered
ORD00500,CUST0030,2025-06-04T13:05:09,1,3722.83,Ahmedabad,delivered
ORD00501,CUST0090,2025-06-09T10:12:09,1,3070.38,Delhi,processing
ORD00499,CUST0088,2025-06-14T21:14:09,1,555.9,Bengaluru,delivered
ORD00498,CUST0059,2024-10-24T19:09:09,3,7210.49,Kolkata,delivered
ORD00504,CUST0072,2025-09-07T18:26:09,1,99.22,Delhi,delivered
ORD00502,CUST0030,2025-05-16T04:02:09,2,5522.39,Jaipur,delivered
ORD00491,CUST0059,2025-05-05T21:39:09,2,5894.84,Mumbai,delivered
ORD00494,CUST0083,2025-06-24T14:48:09,2,3023.72,Lucknow,processing
ORD00503,CUST0023,2025-09-08T15:41:09,2,5115.95,Hyderabad,delivered
ORD00480,CUST0031,2024-12-17T20:17:09,5,12985.91,Kolkata,delivered
ORD00505,CUST0016,2024-09-23T05:43:09,1,3317.76,Delhi,delivered
ORD00507,CUST0094,2025-04-25T03:28:09,1,5316.26,Jaipur,delivered
ORD00506,CUST0095,2025-06-17T09:05:09,2,16678.19,Delhi,processing
ORD00508,CUST0004,2025-04-04T12:37:09,1,3159.85,Bengaluru,delivered
ORD00509,CUST0029,2025-01-30T22:45:09,1,2711.51,Jaipur,delivered
ORD00515,CUST0083,2025-01-13T16:51:09,2,5493.14,Pune,processing
ORD00512,CUST0068,2025-02-28T19:43:09,4,13994.2,Chennai,delivered
ORD00513,CUST0006,2025-02-12T11:03:09,1,2296.32,Kolkata,delivered
ORD00521,CUST0089,2025-03-14T21:36:09,1,3811.22,Delhi,delivered
ORD00518,CUST0088,2025-02-12T01:27:09,2,4244.69,Hyderabad,processing
ORD00514,CUST0039,2025-08-04T13:14:09,1,8225.18,Ahmedabad,cancelled
ORD00510,CUST0063,2025-02-20T12:22:09,2,9095.46,Pune,delivered
ORD00519,CUST0053,2025-03-03T21:50:09,1,1398.77,Jaipur,delivered
ORD00528,CUST0055,2024-12-29T08:58:09,1,1166.26,Mumbai,delivered
ORD00529,CUST0064,2025-03-14T15:02:09,2,3720.38,Chennai,delivered
ORD00516,CUST0081,2025-08-28T08:28:09,3,4303.21,Hyderabad,delivered
ORD00525,CUST0026,2024-12-14T14:06:09,1,3326.34,Lucknow,delivered
ORD00517,CUST0035,2025-03-14T06:24:09,4,12182.14,Hyderabad,processing
ORD00533,CUST0097,2025-08-06T05:06:09,1,7577.36,Jaipur,delivered
ORD00522,CUST0004,2024-11-09T23:52:09,3,3258.02,Kolkata,processing
ORD00511,CUST0037,2025-03-06T04:03:09,5,6518.9,Chennai,delivered
ORD00534,CUST0099,2025-04-30T19:51:09,1,2481.72,Kolkata,delivered
ORD00535,CUST0007,2024-10-15T08:27:09,1,190.06,Delhi,delivered
ORD00523,CUST0097,2025-04-18T17:56:09,1,2295.1,Mumbai,cancelled
ORD00530,CUST0057,2025-01-04T10:10:09,1,509.79,Ahmedabad,cancelled
ORD00527,CUST0092,2024-12-18T01:54:09,4,20210.81,Hyderabad,returned
ORD00538,CUST0049,2025-04-25T06:46:09,1,3891.9,Delhi,delivered
ORD00539,CUST0018,2025-02-17T15:08:09,1,1208.45,Jaipur,delivered
ORD00537,CUST0070,2025-06-16T17:32:09,1,2692.92,Ahmedabad,delivered
ORD00536,CUST0080,2024-10-29T19:26:09,2,6788.75,Chennai,delivered
ORD00531,CUST0048,2024-12-10T17:27:09,1,2459.86,Mumbai,delivered
ORD00526,CUST0021,2025-05-25T16:23:09,1,3087.93,Kolkata,delivered
ORD00541,CUST0006,2024-11-15T04:06:09,3,11857.26,Bengaluru,delivered
ORD00520,CUST0068,2025-06-10T15:19:09,2,14540.55,Ahmedabad,delivered
ORD00540,CUST0074,2025-05-09T08:19:09,3,18932.25,Kolkata,delivered
ORD00524,CUST0006,2024-10-14T02:26:09,1,2469.23,Bengaluru,delivered
ORD00543,CUST0041,2025-03-23T11:08:09,1,7741.56,Bengaluru,delivered
ORD00545,CUST0034,2024-10-05T02:20:09,1,1131.8,Lucknow,delivered
ORD00532,CUST0051,2025-04-04T15:21:09,5,15203.74,Lucknow,delivered
ORD00544,CUST0065,2025-08-18T02:54:09,2,14066.97,Jaipur,delivered
ORD00547,CUST0033,2025-07-27T09:13:09,2,4578.06,Ahmedabad,delivered
ORD00548,CUST0096,2025-05-08T01:43:09,2,9844.79,Bengaluru,delivered
ORD00542,CUST0083,2025-02-17T10:49:09,4,16002.27,Ahmedabad,delivered
ORD00549,CUST0019,2025-01-11T21:31:09,2,9744.49,Chennai,processing
ORD00546,CUST0044,2025-01-27T19:20:09,3,12632.27,Bengaluru,delivered
ORD00551,CUST0056,2025-04-15T13:41:09,1,2234.44,Chennai,delivered
ORD00553,CUST0009,2025-04-07T04:26:09,2,7210.87,Jaipur,cancelled
ORD00555,CUST0023,2024-12-29T01:12:09,1,2085.19,Mumbai,delivered
ORD00552,CUST0023,2025-08-05T18:30:09,1,3600.63,Hyderabad,delivered
ORD00550,CUST0083,2024-12-02T01:27:09,2,6395.37,Ahmedabad,delivered
ORD00557,CUST0050,2025-02-16T13:28:09,1,1859.52,Ahmedabad,delivered
ORD00561,CUST0040,2025-02-18T10:49:09,1,640.05,Delhi,processing
ORD00562,CUST0088,2025-04-09T03:12:09,1,2338.5,Lucknow,processing
ORD00560,CUST0098,2024-10-07T13:25:09,1,569.99,Pune,delivered
ORD00559,CUST0053,2025-02-28T15:11:09,3,19660.48,Ahmedabad,delivered
ORD00558,CUST0051,2025-01-19T01:49:09,4,16366.98,Ahmedabad,delivered
ORD00563,CUST0037,2024-12-20T19:10:09,1,1397.78,Lucknow,delivered
ORD00565,CUST0034,2024-11-25T19:07:09,1,3029.3,Pune,processing
ORD00554,CUST0067,2025-08-17T11:33:09,4,12811.23,Bengaluru,delivered
ORD00568,CUST0058,2025-01-16T04:21:09,2,11695.54,Bengaluru,delivered
ORD00566,CUST0059,2025-08-21T07:51:09,1,1392.75,Chennai,delivered
ORD00564,CUST0003,2025-06-23T13:23:09,2,13981.39,Lucknow,delivered
ORD00569,CUST0091,2025-04-15T16:22:09,1,2073.81,Bengaluru,delivered
ORD00571,CUST0017,2025-06-23T18:21:09,1,3947.52,Ahmedabad,delivered
ORD00556,CUST0055,2025-05-12T13:59:09,4,11058.37,Bengaluru,delivered
ORD00572,CUST0041,2025-09-09T09:11:09,1,4898.32,Ahmedabad,processing
ORD00570,CUST0046,2025-07-18T14:35:09,2,4388.82,Pune,delivered
ORD00574,CUST0020,2024-10-07T23:55:09,1,423.38,Mumbai,returned
ORD00567,CUST0064,2025-03-24T21:11:09,3,9197.96,Chennai,delivered
ORD00577,CUST0004,2025-02-03T14:27:09,1,2608.56,Hyderabad,delivered
ORD00573,CUST0036,2025-03-14T06:02:09,4,10059.35,Ahmedabad,delivered
ORD00579,CUST0006,2025-08-12T12:12:09,1,6362.03,Lucknow,delivered
ORD00576,CUST0001,2025-06-07T10:55:09,1,4938.2,Mumbai,processing
ORD00578,CUST0011,2025-05-04T15:26:09,1,9615.12,Kolkata,delivered
ORD00580,CUST0007,2025-08-06T02:04:09,2,6353.42,Bengaluru,returned
ORD00575,CUST0064,2024-10-01T07:06:09,5,15819.13,Lucknow,returned
ORD00583,CUST0079,2024-12-15T06:24:09,1,2522.42,Bengaluru,delivered
ORD00584,CUST0092,2024-11-29T08:17:09,2,12697.94,Delhi,returned
ORD00586,CUST0066,2025-04-16T05:50:09,1,1849.74,Chennai,delivered
ORD00581,CUST0052,2024-10-25T17:38:09,1,619.41,Delhi,delivered
ORD00589,CUST0087,2024-11-04T06:18:09,1,932.6,Ahmedabad,delivered
ORD00587,CUST0099,2025-05-25T16:51:09,2,3488.39,Chennai,delivered
ORD00585,CUST0088,2025-02-11T00:17:09,1,2656.6,Kolkata,delivered
ORD00582,CUST0063,2025-04-20T16:35:09,4,11253.1,Pune,processing
ORD00591,CUST0012,2024-11-13T20:44:09,1,3104.83,Kolkata,delivered
ORD00592,CUST0084,2024-11-24T12:59:09,1,6340.09,Mumbai,delivered
ORD00588,CUST0093,2025-05-01T14:12:09,2,3559.77,Lucknow,delivered
ORD00590,CUST0052,2025-08-13T16:22:09,2,5871.06,Pune,processing
ORD00593,CUST0060,2024-11-25T08:11:09,1,7042.85,Ahmedabad,returned
ORD00598,CUST0050,2025-04-12T14:25:09,2,4348.18,Mumbai,delivered
ORD00597,CUST0057,2025-01-07T08:58:09,2,6310.77,Chennai,delivered
ORD00594,CUST0061,2024-09-21T07:21:09,1,3788.28,Kolkata,delivered
ORD00600,CUST0046,2025-01-22T04:27:09,1,1361.55,Pune,delivered
ORD00599,CUST0017,2024-12-07T22:54:09,2,4977.2,Kolkata,returned
ORD00596,CUST0041,2025-06-20T19:01:09,3,7541.1,Bengaluru,delivered
ORD00601,CUST0030,2024-11-11T09:58:09,1,3710.55,Jaipur,delivered
ORD00603,CUST0079,2024-11-02T09:46:09,2,5784.36,Ahmedabad,processing
ORD00602,CUST0020,2025-08-30T09:22:09,2,4672.61,Mumbai,processing
ORD00604,CUST0064,2024-10-30T21:25:09,1,4450.82,Pune,processing
ORD00605,CUST0001,2025-01-14T08:05:09,1,3541.97,Pune,delivered
ORD00607,CUST0067,2025-08-26T03:45:09,1,4530.57,Mumbai,delivered
ORD00595,CUST0014,2025-07-30T15:11:09,5,15328.51,Kolkata,delivered
ORD00608,CUST0041,2025-04-03T22:11:09,1,455.93,Delhi,cancelled
ORD00606,CUST0086,2025-01-13T21:32:09,2,3134.88,Ahmedabad,returned
ORD00611,CUST0069,2025-03-01T05:30:09,2,7135.81,Jaipur,delivered
ORD00617,CUST0034,2025-07-07T08:24:09,1,1416.18,Pune,processing
ORD00609,CUST0008,2025-07-31T15:35:09,2,7882.32,Hyderabad,cancelled
ORD00612,CUST0082,2024-11-30T16:45:09,3,7247.02,Hyderabad,delivered
ORD00614,CUST0081,2025-08-17T10:38:09,2,5041.25,Pune,delivered
ORD00616,CUST0017,2025-05-11T23:12:09,1,3810.23,Jaipur,processing
ORD00623,CUST0083,2024-10-25T22:29:09,1,1101.48,Jaipur,delivered
ORD00615,CUST0032,2024-11-03T03:17:09,2,8602.6,Mumbai,delivered
ORD00622,CUST0086,2025-07-27T06:08:09,1,907.46,Ahmedabad,delivered
ORD00613,CUST0065,2025-03-10T19:47:09,2,6946.01,Lucknow,delivered
ORD00618,CUST0019,2025-05-26T21:15:09,2,10244.7,Ahmedabad,delivered
ORD00619,CUST0021,2025-06-24T04:42:09,4,11904.65,Delhi,delivered
ORD00627,CUST0042,2024-12-11T17:29:09,1,600.97,Hyderabad,delivered
ORD00610,CUST0002,2025-02-01T09:23:09,4,10661.11,Chennai,delivered
ORD00621,CUST0058,2025-03-02T05:14:09,3,8723.76,Mumbai,processing
ORD00620,CUST0076,2025-04-13T18:43:09,3,9986.7,Lucknow,delivered
ORD00629,CUST0071,2025-04-06T19:14:09,1,5000.49,Chennai,delivered
ORD00625,CUST0091,2025-07-04T06:49:09,3,4747.82,Jaipur,delivered
ORD00628,CUST0016,2024-10-06T22:59:09,2,5351.07,Kolkata,delivered
ORD00626,CUST0033,2024-10-26T19:50:09,2,2902.35,Delhi,delivered
ORD00630,CUST0076,2025-08-21T19:59:09,2,3610.12,Jaipur,delivered
ORD00632,CUST0080,2025-02-06T12:54:09,1,4563.27,Pune,returned
ORD00634,CUST0093,2025-06-22T01:40:09,1,4592.97,Hyderabad,delivered
ORD00631,CUST0019,2025-03-21T09:54:09,2,15630.17,Ahmedabad,returned
ORD00635,CUST0097,2025-09-08T07:01:09,1,3734.59,Lucknow,delivered
ORD00624,CUST0083,2025-06-23T18:56:09,4,8617.2,Bengaluru,delivered
ORD00633,CUST0081,2024-12-28T11:37:09,2,5514.69,Mumbai,processing
ORD00636,CUST0089,2024-11-18T13:43:09,1,3885.29,Delhi,delivered
ORD00637,CUST0090,2025-09-06T08:32:09,1,4894.42,Mumbai,delivered
ORD00639,CUST0090,2024-09-14T20:13:09,1,1577.37,Kolkata,processing
ORD00640,CUST0088,2025-09-09T03:56:09,1,3509.31,Bengaluru,delivered
ORD00638,CUST0086,2025-04-26T13:51:09,1,4189.98,Delhi,processing
ORD00641,CUST0064,2025-03-14T18:01:09,1,2305.09,Bengaluru,returned
ORD00642,CUST0082,2025-03-31T20:39:09,1,1507.18,Lucknow,delivered
ORD00643,CUST0078,2025-06-26T21:48:09,2,10392.82,Chennai,delivered
ORD00645,CUST0042,2025-04-20T06:01:09,1,3230.8,Kolkata,processing
ORD00644,CUST0087,2024-09-22T15:27:09,2,6145.74,Kolkata,processing
ORD00646,CUST0029,2024-10-05T01:42:09,1,2430.42,Hyderabad,delivered
ORD00648,CUST0031,2025-03-03T18:36:09,1,4963.26,Lucknow,delivered
ORD00649,CUST0013,2025-07-28T07:21:09,1,7863.02,Mumbai,processing
ORD00650,CUST0008,2025-04-24T18:03:09,2,1699.73,Pune,delivered
ORD00653,CUST0017,2025-08-03T09:00:09,1,4749.35,Bengaluru,delivered
ORD00652,CUST0084,2025-08-21T17:13:09,2,5455.13,Bengaluru,cancelled
ORD00654,CUST0006,2024-10-10T21:03:09,2,16623.52,Delhi,delivered
ORD00651,CUST0097,2025-04-09T00:39:09,2,5776.64,Lucknow,delivered
ORD00659,CUST0004,2025-06-21T19:53:09,1,1808.28,Hyderabad,delivered
ORD00656,CUST0065,2025-06-23T18:11:09,1,1342.09,Mumbai,delivered
ORD00660,CUST0004,2024-12-20T23:02:09,1,536.65,Jaipur,delivered
ORD00662,CUST0015,2025-03-02T23:03:09,1,3232.22,Jaipur,returned
ORD00661,CUST0026,2024-09-21T22:37:09,1,4356.64,Pune,delivered
ORD00669,CUST0060,2025-05-31T12:05:09,1,1136.22,Ahmedabad,delivered
ORD00668,CUST0048,2025-01-19T09:49:09,1,3094.23,Bengaluru,delivered
ORD00647,CUST0074,2024-09-23T15:58:09,5,24617.99,Bengaluru,delivered
ORD00664,CUST0041,2025-07-14T06:24:09,1,1030.13,Jaipur,delivered
ORD00670,CUST0049,2024-09-22T22:12:09,1,1715.74,Chennai,processing
ORD00663,CUST0080,2025-04-21T14:48:09,1,1978.09,Pune,delivered
ORD00673,CUST0045,2025-04-05T05:36:09,2,3759.49,Bengaluru,delivered
ORD00675,CUST0090,2025-04-11T23:12:09,1,3419.78,Delhi,delivered
ORD00677,CUST0076,2024-09-22T11:34:09,1,5161.48,Hyderabad,delivered
ORD00672,CUST0096,2025-08-26T00:56:09,2,17330.92,Chennai,delivered
ORD00676,CUST0095,2024-09-15T08:35:09,2,4251.99,Jaipur,delivered
ORD00671,CUST0066,2025-06-17T12:49:09,2,5492.22,Hyderabad,delivered
ORD00678,CUST0078,2025-07-19T11:39:09,1,1650.51,Jaipur,delivered
ORD00666,CUST0085,2025-07-21T18:54:09,2,2640.13,Hyderabad,delivered
ORD00680,CUST0038,2025-08-14T08:48:09,1,1462.95,Pune,delivered
ORD00674,CUST0096,2024-12-27T07:58:09,2,3266.69,Bengaluru,delivered
ORD00665,CUST0020,2025-02-24T23:47:09,2,9967.63,Mumbai,processing
ORD00681,CUST0015,2024-11-16T10:10:09,1,4962.09,Bengaluru,delivered
ORD00658,CUST0062,2025-02-27T16:08:09,1,5825.59,Kolkata,delivered
ORD00682,CUST0027,2025-02-16T06:36:09,2,8511.96,Ahmedabad,delivered
ORD00687,CUST0096,2025-04-02T23:09:09,1,3142.15,Hyderabad,delivered
ORD00686,CUST0010,2024-11-03T09:33:09,2,4654.89,Ahmedabad,delivered
ORD00688,CUST0060,2025-05-17T06:48:09,1,2743.5,Delhi,delivered
ORD00679,CUST0061,2024-11-05T03:20:09,4,6609.65,Chennai,delivered
ORD00684,CUST0092,2025-02-10T05:23:09,3,8936.24,Pune,delivered
ORD00690,CUST0086,2024-09-16T14:01:09,1,3617.26,Jaipur,delivered
ORD00689,CUST0036,2024-12-01T22:37:09,1,3891.06,Pune,delivered
ORD00683,CUST0001,2024-11-23T06:48:09,3,14594.86,Ahmedabad,delivered
ORD00692,CUST0099,2025-03-22T23:43:09,1,795.33,Kolkata,returned
ORD00685,CUST0006,2025-01-10T22:01:09,3,7669.39,Mumbai,returned
ORD00693,CUST0044,2024-12-18T14:26:09,1,2428.39,Delhi,delivered
ORD00695,CUST0002,2025-04-04T13:04:09,1,4565.6,Chennai,delivered
ORD00694,CUST0006,2025-04-11T08:50:09,3,4342.75,Hyderabad,delivered
ORD00667,CUST0068,2025-09-01T08:29:09,4,13659.3,Lucknow,delivered
ORD00657,CUST0086,2025-05-12T15:28:09,5,19121.4,Lucknow,delivered
ORD00696,CUST0048,2024-10-02T19:40:09,1,3098.51,Mumbai,delivered
ORD00691,CUST0090,2024-10-05T13:35:09,2,3412.9,Lucknow,delivered
ORD00697,CUST0073,2024-12-07T00:50:09,2,5220.93,Hyderabad,returned
ORD00700,CUST0038,2024-12-22T21:08:09,1,5142.21,Ahmedabad,delivered
ORD00655,CUST0040,2025-07-16T03:02:09,1,2307.38,Delhi,delivered
ORD00702,CUST0094,2025-02-27T02:59:09,1,6812.62,Bengaluru,processing
ORD00699,CUST0091,2024-09-16T23:45:09,2,7709.78,Delhi,delivered
ORD00698,CUST0086,2025-05-14T19:05:09,1,4857.51,Bengaluru,delivered
ORD00701,CUST0043,2024-11-18T01:04:09,2,1092.89,Kolkata,delivered
ORD00704,CUST0009,2024-12-17T18:24:09,5,14223.95,Chennai,delivered
ORD00707,CUST0078,2025-05-14T19:05:09,1,2469.81,Kolkata,delivered
ORD00703,CUST0090,2025-01-02T12:39:09,1,3862.58,Mumbai,processing
ORD00709,CUST0033,2025-03-08T09:29:09,1,1251.09,Pune,cancelled
ORD00706,CUST0062,2024-09-21T05:11:09,3,6670.13,Chennai,delivered
ORD00708,CUST0065,2025-03-21T08:09:09,4,8064.38,Bengaluru,processing
ORD00710,CUST0095,2025-01-15T00:14:09,1,2348.5,Delhi,delivered
ORD00711,CUST0059,2025-08-24T21:00:09,1,7075.25,Kolkata,delivered
ORD00712,CUST0012,2025-08-06T15:42:09,1,2643.78,Jaipur,cancelled
ORD00713,CUST0055,2024-12-04T06:00:09,2,6383.41,Mumbai,delivered
ORD00715,CUST0054,2025-06-06T06:25:09,1,1420.94,Delhi,delivered
ORD00705,CUST0058,2025-08-01T23:01:09,3,9606.86,Delhi,processing
ORD00716,CUST0024,2025-05-25T20:12:09,2,9895.56,Pune,delivered
ORD00714,CUST0074,2025-03-05T21:01:09,2,7067.47,Mumbai,processing
ORD00717,CUST0080,2024-11-05T12:54:09,1,2945.0,Hyderabad,delivered
ORD00718,CUST0031,2025-05-13T08:27:09,2,5579.05,Kolkata,delivered
ORD00720,CUST0044,2025-02-19T00:07:09,2,6858.57,Pune,delivered
ORD00719,CUST0067,2024-09-14T05:22:09,2,4718.81,Hyderabad,delivered
ORD00734,CUST0016,2025-01-29T15:20:09,1,3401.64,Pune,delivered
ORD00723,CUST0063,2025-04-03T16:23:09,2,14361.12,Mumbai,delivered
ORD00737,CUST0071,2025-03-30T19:52:09,1,4021.53,Chennai,delivered
ORD00730,CUST0096,2024-11-09T11:07:09,1,5012.17,Kolkata,delivered
ORD00722,CUST0082,2025-02-21T17:24:09,1,3180.6,Ahmedabad,delivered
ORD00736,CUST0071,2025-03-30T03:11:09,2,4425.0,Bengaluru,delivered
ORD00735,CUST0043,2024-11-28T14:57:09,3,3552.51,Delhi,returned
ORD00740,CUST0016,2025-01-12T05:15:09,1,10770.42,Pune,processing
ORD00724,CUST0038,2025-07-17T23:29:09,1,4554.37,Jaipur,delivered
ORD00725,CUST0064,2024-10-25T02:37:09,2,14957.55,Jaipur,delivered
ORD00728,CUST0082,2025-05-19T19:34:09,2,6133.45,Pune,delivered
ORD00721,CUST0018,2024-09-24T11:51:09,3,6880.94,Bengaluru,delivered
ORD00738,CUST0021,2025-07-02T21:12:09,2,6581.26,Hyderabad,delivered
ORD00741,CUST0086,2025-08-13T19:33:09,1,2124.32,Ahmedabad,delivered
ORD00742,CUST0016,2024-11-08T18:51:09,1,4367.9,Lucknow,delivered
ORD00744,CUST0009,2025-09-11T09:55:09,1,4381.62,Jaipur,processing
ORD00729,CUST0072,2025-04-21T23:58:09,1,2933.52,Lucknow,cancelled
ORD00746,CUST0001,2025-06-22T07:35:09,1,2168.92,Delhi,delivered
ORD00743,CUST0074,2025-05-14T01:28:09,2,5806.36,Delhi,delivered
ORD00748,CUST0038,2025-08-14T10:12:09,1,831.18,Hyderabad,delivered
ORD00731,CUST0076,2025-06-11T23:38:09,1,3120.86,Delhi,delivered
ORD00752,CUST0054,2024-11-28T03:34:09,1,1459.2,Chennai,delivered
ORD00750,CUST0028,2025-07-10T04:01:09,1,1859.16,Chennai,delivered
ORD00747,CUST0033,2024-09-27T18:51:09,2,6639.16,Jaipur,cancelled
ORD00745,CUST0068,2025-05-18T19:17:09,3,12027.0,Lucknow,delivered
ORD00753,CUST0015,2025-08-27T10:10:09,1,704.35,Chennai,delivered
ORD00726,CUST0028,2024-12-07T14:28:09,1,4718.97,Hyderabad,cancelled
ORD00749,CUST0066,2024-12-27T14:50:09,2,7894.4,Delhi,delivered
ORD00739,CUST0074,2024-11-02T14:34:09,5,17273.21,Pune,delivered
ORD00754,CUST0029,2025-01-28T16:50:09,1,3484.56,Mumbai,delivered
ORD00727,CUST0099,2025-02-01T00:30:09,1,13364.41,Delhi,cancelled
ORD00732,CUST0078,2025-07-09T23:50:09,1,7238.03,Chennai,processing
ORD00751,CUST0021,2025-04-03T06:49:09,4,22715.93,Jaipur,delivered
ORD00733,CUST0064,2025-08-25T06:53:09,2,5812.0,Jaipur,returned
ORD00757,CUST0073,2025-01-24T18:42:09,2,3123.44,Ahmedabad,returned
ORD00755,CUST0094,2025-02-14T11:36:09,3,5204.39,Pune,delivered
ORD00758,CUST0060,2025-05-26T02:01:09,4,11304.58,Bengaluru,cancelled
ORD00761,CUST0090,2025-06-11T16:06:09,1,2749.63,Jaipur,delivered
ORD00759,CUST0022,2025-07-01T17:49:09,2,7560.16,Jaipur,cancelled
ORD00762,CUST0006,2025-07-18T06:54:09,2,6208.76,Hyderabad,returned
ORD00764,CUST0016,2025-02-06T02:14:09,1,5130.7,Pune,delivered
ORD00756,CUST0095,2025-08-24T10:19:09,2,5112.58,Delhi,delivered
ORD00763,CUST0055,2025-05-22T04:54:09,1,1254.1,Jaipur,processing
ORD00766,CUST0024,2025-04-04T03:44:09,1,832.25,Delhi,delivered
ORD00767,CUST0063,2024-09-13T21:33:09,2,2421.49,Chennai,delivered
ORD00768,CUST0057,2025-08-13T06:54:09,1,528.27,Bengaluru,delivered
ORD00765,CUST0040,2025-08-06T09:36:09,3,12821.73,Hyderabad,processing
ORD00769,CUST0037,2024-09-30T21:09:09,1,4654.38,Bengaluru,cancelled
ORD00770,CUST0086,2025-01-24T20:10:09,1,439.64,Hyderabad,processing
ORD00773,CUST0036,2024-11-08T01:28:09,1,580.84,Mumbai,delivered
ORD00760,CUST0018,2025-05-14T08:16:09,2,10602.63,Kolkata,delivered
ORD00775,CUST0055,2025-05-13T18:16:09,1,3145.31,Chennai,cancelled
ORD00776,CUST0092,2025-04-13T00:04:09,3,7477.23,Delhi,delivered
ORD00771,CUST0100,2025-04-03T09:30:09,4,13765.86,Lucknow,delivered
ORD00772,CUST0056,2025-05-14T02:02:09,1,430.29,Jaipur,delivered
ORD00778,CUST0095,2025-03-15T16:33:09,2,2504.45,Mumbai,delivered
ORD00774,CUST0065,2025-07-19T21:56:09,5,13176.99,Bengaluru,delivered
ORD00779,CUST0096,2025-07-15T19:46:09,2,8927.51,Jaipur,delivered
ORD00777,CUST0063,2025-03-16T03:03:09,1,2335.02,Delhi,delivered
ORD00783,CUST0050,2025-04-04T12:01:09,1,1387.24,Kolkata,processing
ORD00781,CUST0047,2025-04-28T13:29:09,1,1708.36,Jaipur,processing
ORD00784,CUST0066,2025-05-02T09:29:09,2,3937.08,Bengaluru,delivered
ORD00780,CUST0039,2025-05-10T23:18:09,2,6015.52,Jaipur,returned
ORD00785,CUST0031,2025-02-06T18:24:09,1,746.74,Kolkata,delivered
ORD00786,CUST0032,2024-12-27T09:51:09,1,109.72,Hyderabad,delivered
ORD00782,CUST0022,2025-07-14T01:28:09,4,12752.21,Pune,delivered
ORD00787,CUST0091,2025-06-19T01:30:09,1,4751.67,Kolkata,processing
ORD00789,CUST0097,2025-03-31T21:12:09,1,247.34,Ahmedabad,delivered
ORD00792,CUST0097,2024-09-17T11:50:09,1,3011.51,Kolkata,delivered
ORD00791,CUST0019,2024-10-17T05:59:09,1,4383.68,Jaipur,delivered
ORD00790,CUST0024,2025-05-03T22:36:09,3,8824.61,Lucknow,delivered
ORD00794,CUST0062,2024-11-28T23:47:09,2,4909.18,Jaipur,processing
ORD00798,CUST0014,2025-01-27T08:26:09,1,1155.68,Mumbai,processing
ORD00796,CUST0088,2025-03-26T14:40:09,2,2460.95,Hyderabad,delivered
ORD00793,CUST0099,2024-10-23T00:53:09,4,10792.43,Delhi,delivered
ORD00795,CUST0054,2024-11-21T17:42:09,1,747.57,Chennai,delivered
ORD00799,CUST0020,2025-08-11T21:04:09,1,2626.02,Ahmedabad,processing
ORD00797,CUST0043,2024-11-10T04:43:09,4,13402.56,Chennai,delivered
ORD00788,CUST0029,2025-01-31T22:00:09,5,13775.45,Lucknow,delivered
ORD00800,CUST0015,2025-07-03T06:30:09,1,2089.12,Pune,delivered
